<application>
  <component name="FileTypeManager" version="17">
    <ignoreFiles list="*.hprof;*.pyc;*.pyo;*.rbc;*~;.DS_Store;.git;.hg;.svn;CVS;RCS;SCCS;__pycache__;_svn;rcs;" />
    <extensionMap>
      <mapping pattern="clock.css" type="PLAIN_TEXT" />
      <mapping ext="mine" type="PLAIN_TEXT" />
      <mapping ext="r39066" type="PLAIN_TEXT" />
      <mapping ext="jfif" type="PLAIN_TEXT" />
      <mapping ext="r39207" type="PLAIN_TEXT" />
      <mapping ext="r38912" type="PLAIN_TEXT" />
      <mapping ext="r39112" type="PLAIN_TEXT" />
      <mapping ext="r39763" type="PLAIN_TEXT" />
      <mapping ext="lnk" type="Vue.js" />
    </extensionMap>
  </component>
</application>