<application>
  <component name="BuiltInServerOptions" allowUnsignedRequests="true" />
  <component name="CodeStyleSchemes">
    <option name="CURRENT_SCHEME_NAME" value="Default" />
  </component>
  <component name="CvsApplicationLevelConfiguration">
    <option name="PATH_TO_PASSWORD_FILE" value="$userdir/.cvspass" />
  </component>
  <component name="NodeJsLocalInterpreters">
    <local-interpreter path="C:/Program Files/nodejs/node.exe">
      <version-cache version="8.9.3" last-modified="1512717134000" />
    </local-interpreter>
  </component>
  <component name="SvnApplicationSettings">
    <option name="myCheckoutURLs">
      <list>
        <option value="http://D:/SVN/carbond-aidc/carbond-aidc-h5" />
      </list>
    </option>
    <option name="myTypedURLs">
      <list>
        <option value="http://D:/SVN/carbond-aidc/carbond-aidc-h5" />
      </list>
    </option>
    <option name="mySvnCommandLine" value="C:\Program Files\TortoiseSVN\bin\svn.exe" />
  </component>
  <component name="SvnBranchMapperManager">
    <option name="myMapping">
      <map>
        <entry key="https://172.16.1.189:81/svn/carbond/carbond-aidc/trunk/carbond-aidc/incall-vue-h5">
          <value>
            <set>
              <option value="D:\SVN\carbond-aidc\incall-vue-h5" />
            </set>
          </value>
        </entry>
      </map>
    </option>
  </component>
  <component name="com.intellij.ide.fileTemplates.impl.FileTemplateManagerImpl">
    <recent_templates>
      <option name="RECENT_TEMPLATES">
        <value>
          <list size="1">
            <item index="0" class="java.lang.String" itemvalue="vue File" />
          </list>
        </value>
      </option>
    </recent_templates>
  </component>
  <component name="com.intellij.javaee.ExternalResourceManagerImpl">
    <ignored-resource url="http://relaxng.org/ns/compatibility/annotations/1.0" />
    <ignored-resource url="urn:idea:xslt-plugin#extensions" />
    <ignored-resource url="http://www.w3.org/1998/Math/MathML" />
    <ignored-resource url="http://exslt.org/dates-and-times" />
    <ignored-resource url="http://exslt.org/math" />
    <ignored-resource url="http://exslt.org/dynamic" />
    <ignored-resource url="http://exslt.org/common" />
    <ignored-resource url="http://exslt.org/sets" />
    <ignored-resource url="http://exslt.org/strings" />
    <ignored-resource url="http://www.w3.org/2000/svg" />
  </component>
</application>