<?xml version="1.0" encoding="UTF-8"?>
<application>
  <component name="WebBrowsersConfiguration">
    <browser id="98ca6316-2f89-46d9-a9e5-fa9e2b0625b3" name="Chrome" family="CHROME">
      <settings>
        <command-line-options>--disable-web-security --user-data-dir=D:\mychrome</command-line-options>
        <user-data-dir>$USER_HOME$/.WebStorm8/config/chrome-user-data</user-data-dir>
      </settings>
    </browser>
    <browser id="a7bb68e0-33c0-4d6f-a81a-aac1fdb870c8" name="Firefox" family="FIREFOX" />
    <browser id="e5120d43-2c3f-47ef-9f26-65e539e05186" name="Safari" family="SAFARI" />
    <browser id="53e2f627-b1a7-4dfa-bfa7-5b83cc034776" name="Opera" family="OPERA" />
    <browser id="16bf23d4-93e0-4ffc-bfd6-cb13575177b0" name="Internet Explorer" family="EXPLORER" />
  </component>
</application>

